peptidoform	spectrum_id
[+14.0157]-GVQAQIASSGLTVEVDAPK/2	0
LVINGNPITIFQEQD[+28.0313]PSK/3	1
ILA[+156.115]GGFKEDTEEHHLR/4	2
EASEAY[+90.084148]LVGLFEDTNLC[+57.0215]AIHAKR/3	3
[+42.0106]-GLERMGANS[+87.0507]LERMGPAM[+15.9949]GPALGAGIER/4	4
KFLN[+0.984]GIYVSEK/2	5
[+42.0106]-K[+196.1212]DVDEAYMNKVELESHLEGLTDEINFLR/5	6
LSVNMVPFPRLHFFMPGFAPLTSR/4	7
PTAAAIAYGLDKR/2	8
GELAIKDANSKLSELEAALQR/4	9
FQCPEALFQPSFLGM[+15.9949]ESCGIHETTFNSIM[+15.9949]K/3	10
GALQNIIPASTGT[-15.9949]AK/2	11
GFGFVSY[+15.0109]ATVEEVDAAM[+15.9949]NAR/3	12
LQAEA[+42.047]EGLKGQR/2	13
NFLGGIKEDTEEYNLR/3	14
EHPWEVM[+15.9949]PDLC[+57.0215]FYRDPEEIEKEEQAAAEK/4	15
NM[+15.9949]ITGTSQADRAVLIVAAGVGEFEAGISK/3	16
M[+15.9949]PADLPSLAADFVESK/2	17
[+42.0106]-KVVDDAYM[+15.9949]NKAELESHLEGLTDEINFLR/3	18
C[+57.0215]SSFHRIIPGFM[+15.9949]CQGGDFTR/2	19
[+42.0106]-M[+15.9949]PANQDTIYEGIGGPR/2	20
GVLC[+57.0215]QITVNDLPVGR/2	21
ISM[+15.9949]KEVDEQMLNVQNK/2	22
M[+15.9949]SFTTRSTFSTNYQSLGSVQAPSYGAR/2	23
M[+15.9949]AGGLAGM[+15.9949]GGIQNKKETMQSLNDR/3	24
VGM[+15.9949]GQKDSYEGDEAQSKR/3	25
VLNNM[+15.9949]ET[+13.0316]GTSLFDEEGAK/2	26
SGDAAIVDM[+15.9949]VPGK[+43.9898]PVYVESFSDYPPLGR/3	27
LY[-18.0106]YVTLDFEQEMATAASSSSLEK/2	28
QLYEEEIRELQS[+86.0004]WISDTSVVLSM[+15.9949]DNSR/3	29
[+59.036279]-VSLGAGAKDELHIVEAEAM[+15.9949]NYEGSPIK/3	30
GFGFVS[+14.0157]YATVEEVDAAM[+15.9949]NARPHK/4	31
[+127.0633]-SGPFGQIYRPDNFVFGQSGAGNNWAK/3	32
TEMENQ[+0.984]FVLIKK/2	33
TITLEVEPSDTIENVS[-17.0265]AK/2	34
[+217.1688]-M[+15.9949]PVPSSFNDISQDWR/2	35
NLSPS[+307.0903]VHADEAYMNKVELESR/3	36
WGNAGAEYIM[-21.9877]ESTGVFTTMEK/3	37
LSAKPAPPT[+27.0473]PEPK/3	38
[+42.0106]-DDD[+42.047]IAALVIDNSSGMC[+57.0215]K/2	39
YNPDTVAFVPFAGWNC[+131.0946]DNM[+15.9949]LEPSANM[+15.9949]PWFK/3	40
[+14.0157]-DVDEVSSLLR/2	41
IIPGLMC[+232.0644]QGGDFTR/2	42
VKEGMDIVEAMER/2	43
VDNDEDEHQLSLR/3	44
FNRLNHLTTDFNVIVEALSK/3	45
DSYVGEDAQSKR/3	46
KDLYTNTVLSGGTTM[+15.9949]YPGIADR/3	47
DSLLQDGEFC[+57.0215]MDLR/2	48
TTKKC[+57.0215]PQCTISNVFAM[+15.9949]FDQSQIQEFK/2	49
HQGVM[+15.9949]VSM[+15.9949]GQKDSYVGDEAQSK/3	50
C[+57.0215]DVHICKDLYANTVLSGGTTM[+15.9949]YPGIADR/2	51
[+42.0106]-QLEEAEKAADESER/3	52
[+42.0106]-M[+15.9949]GPPDPILGVTEAFKR/3	53
[+42.0106]-KDVDEANM[+15.9949]NKVELESLLEGLTDEINFLR/2	54
AIITC[+57.0215]M[+15.9949]KGYDVIAQAQSGTGK/4	55
[+42.0106]-M[+15.9949]LLRLSEPAELTDAVK/3	56
[+42.0106]-M[+15.9949]GQKGTVEPQLEAR/3	57
TVGC[+57.0215]VAGDEESYEVFKDLFDPIIEDR/2	58
EIRC[+57.0215]YQKSTELLIR/4	59
ELQSQISN[+0.984]TSVVLSMDNSR/2	60
ELFQ[-17.0265]PEHIITGKEDAANNYAR/3	61
ASLEAAIADAEQHGE[+15.0109]LAVK/2	62
LLEDGKDFNLGD[+23.9581]ALDSSNSM[+15.9949]QTIQK/3	63
SLDM[+15.9949]N[+0.984]SIIAEVK/2	64
FRC[+57.0215]PEALFQPSFLGMESC[+79.9663]GIHDTTFNSIM[+15.9949]K/3	65
LEGLTDQ[+0.984]INFLR/2	66
SAYGGLT[+964.3383]SPGLSYGLGSSFGSGAGSSSFSR/4	67
NSSYFAD[+43.0422]WLPDNVK/2	68
DSYVGDQ[+0.984]AQSK/2	69
E[-3.9949]TVQLETLSIR/2	70
GFAFVTFDDHN[+14.9997]SVDK/2	71
GFGFVTYTT[-17.0265]VEEVDAAM[+15.9949]NAR/3	72
EITALAPS[+45.029395]AM[+15.9949]KIK/2	73
GILTLKYPIEHS[-15.0109]IITNWDDM[+15.9949]EK/3	74
AAC[+57.0215]MKSVT[+192.0634]KQGAELSNEER/3	75
GFGFVTYATVEEVDAVMNAK[+234.074]/3	76
YPIK[+14.9633]HGIVTNWDDMEK/3	77
ALMLQGIDLLADAVALTM[+15.9949]GPKGR/3	78
M[+15.9949]DN[+104.0712]SCSLDM[+15.9949]DSIIAEVK/3	79
ASLQ[+0.984]NSLR/2	80
GADFLVTEVETGGSSGSK[+41.0265]/2	81
TSFWGG[+206.1671]M[+15.9949]GSGGLATGM[+15.9949]AGGLAGMGGIQNEK/4	82
[+42.0106]-M[+15.9949]SIMNSFVS[+27.9949]DIFER/2	83
[+40.0313]-DANAAIATIK/2	84
DNSC[+263.131]SLDMDSIIAEVK/3	85
M[+15.9949]SD[+79.9663]YNIQKESTLHLVLR/4	86
GFAFITFDDHDSVDK/3	87
TITLEVKPSDTIENVKAK/3	88
KNNEEEAKGLQAQIASSGLTVEVDAPK/3	89
DSYVGEDAQSK/2	90
DNYVPKVSALDQEIIEVDPDTKEM[+15.9949]LK/3	91
C[+57.0215]PTGVDPTQVSSSLSPEGTLTVEAPM[+15.9949]PK/3	92
M[+15.9949]EIQELQLK/2	93
QKM[+15.9949]AQSNM[+15.9949]DNMFESYINNLR/3	94
[+42.0106]-YNPDTVEFVPISS[+57.0215]WNGDNMLEPSANM[+15.9949]PWFK/3	95
S[+794.2692]VGGITTITVNQSLLSPLNLEVDPNIQAVR/3	96
[+71.0371]-VELGSRLEGLTDEINFLR/3	97
[+41.0265]-LELESGLEGLTDEINFLR/3	98
[+42.0106]-ADQLTEEQIAEFKEAFSLFDKDGDGTITTK/3	99
GFGFVTC[+57.0215]ATVEEVDAAMNAR/3	100
C[+57.0215]DVDIRKDLYTNTVLSGGTTM[+15.9949]YPGIADR/3	101
M[+15.9949]EHQAVVGAVKSLQALGEVIEAELR/3	102
LLEDGEEFNLGDALDSSNSM[+15.9949]QTIQK/3	103
[+42.0106]-C[+57.0215]LAPLANVIHNFGIVEGPMTTVHAITATQK/2	104
KALDIAENKM[+15.9949]PGLMR/3	105
[+42.0106]-LC[-33.0037]YITLDFEQEM[+15.9949]ATAASSSSLEK/2	106
M[+15.9949]LS[+343.0318]NTTAIAEAWAR/2	107
YADLTEDL[+15.9949]LPSC[+57.0215]ESLKDTIAR/3	108
[+42.0106]-K[+106.0419]FDRGYISPYFINTSK/3	109
YGGMRGMKGLVYETSVLDPDEGIR/3	110
HQGVM[+15.9949]VSMGQKDSYVGDEAQSKR/4	111
C[+57.0215]PQCTISNVFAM[+15.9949]FDQSQIQEFK/2	112
VNPTM[+15.9949]FFDIAVDGEPLGR/4	113
M[+15.9949]EASEAYLVGLFEDTNLC[+57.0215]AIHAKR/2	114
C[+57.0215]LPPC[+57.0215]LRLSSASRPLTTGVGLVLQELR/3	115
M[+15.9949]TWHHTFYNEPGVALEEHAVLLTEAPLNPK/3	116
[+42.0106]-M[+15.9949]LPDSTEIDQDTINR/4	117
[+42.0106]-AKM[+15.9949]TESSLPSASK/3	118
GTLLISKMHEEYPNC[+57.0215]IM[+15.9949]NTFSVVPSPK/3	119
[+42.0106]-QDMAC[+57.0215]MLKQYQEVMNSKLGLDVEIATYR/3	120
IWHHTFYKELCM[+15.9949]ALEEHM[+15.9949]LLLTEAPLNPK/2	121
[+42.0106]-M[+15.9949]EHLENGPSVSVDYNTSDPLIR/2	122
EM[+15.9949]ATAASSSSLEK/2	123
YADLTEDQLPSC[+57.0215]N[+14.9997]SLKDTLAR/3	124
YPIEHGIISSWDDMEK[+86.0004]IWHHTFYNELR/5	125
SPYQD[+14.0157]FTDHLVK/3	126
HQGVMVGIGQKDSY[+33.961]VGEDAQSKR/4	127
VFIEDVIR/2	128
DSYEGDEAQSKR/2	129
NLTFDQLALDSPKVCGTVLLSGPR/3	130
[+42.0106]-M[+15.9949]KFDRGYISPYFINTSK/3	131
M[+15.9949]YPGIADRMQKEITALAPSTM[+15.9949]K/2	132
[+42.0106]-M[+15.9949]SVPHPHPPPPSPEKAASLEYDYETIR/3	133
VLS[+44.0085]NMEIGTSLFDEEGAK/2	134
IISNASC[+57.0215]TM[-29.9928]NC[+57.0215]LAPLAK/2	135
[+12.0]-PADLPSLAADFVESK/2	136
GT[+308.1107]NKFASQQGMTAYGTR/3	137
LIFAS[-15.9949]KQLEDGR/2	138
[+162.0793]-M[+15.9949]GTNKFASQQGMTAYGTR/3	139
LD[+14.0157]GLTDEINFLR/2	140
NSLESH[+26.0157]AFNM[+15.9949]K/2	141
[+42.0106]-FTLECTHPVEDGIMDA[+17.9906]ANFEQFLQER/3	142
QDYNQDSEAAINR/2	143
[+42.0106]-SSGGPYGGGYGSGGGSGGYGSR/2	144
[+42.0106]-VTLATLKM[+15.9949]SAQPTVSLGGFEITPPVVLR/3	145
[+42.0106]-GSGLNLC[+57.0215]EPNNKEGYYGYTGAFR/3	146
HTGPGILSM[+15.9949]ANAGPITNSSQFFIC[+57.0215]TAK/3	147
M[+15.9949]PNVGEIVGGSM[+15.9949]RIFDSEEILAGYKR/3	148
M[+15.9949]HEEYPNCIM[+15.9949]NTFSVVPSPK/3	149
WM[+15.9949]LMDGNGYISAAELR/3	150
SFSKEELM[+15.9949]SSDLEETAGSTSLPK/3	151
[+28.0313]-PC[+57.0215]YVALDFEQEM[+15.9949]ATAASSSSLEK/2	152
IEDLSE[-0.979]QAQLAAAEK/2	153
EKP[+28.0313]C[+57.0215]YVALDFEQEM[+15.9949]ATAASSSSLEK/3	154
[+26.0157]-VIDVVYNASNNELVR/2	155
SVEMHHEALS[+170.0133]EVLPGDNVGFNVK/3	156
Q[+0.984]LDSITPEVLPGWK/2	157
GLQAQIASSGLTGE[+42.047]VDAPK/2	158
GFGFITH[+12.0]ATVEEVDAAM[+15.9949]NARPHK/4	159
[+12.0]-ATGTLYTYPENWR/2	160
HTGPGILSM[+15.9949]ANAGPNTNGSQFS[+75.9805]TRTAK/3	161
M[+15.9949]LET[+27.9949]KWSILQQQK/2	162
ILTFDQLAPD[+23.9581]APKGC[+57.0215]GTVLLSGPR/3	163
TVIIEQSWGSP[+28.0313]QVTK/2	164
NLIPFDQT[+60.0034]TTEDLNEAFPETK/3	165
LS[-15.9949]VNM[+15.9949]VPFPR/2	166
[+42.0106]-QVLKFS[+527.185]LDC[+57.0215]THPVEYGIIDAANFEQFLQER/4	167
HTGPGILSM[+15.9949]ANAGLNTN[+14.9997]GSQFFIC[+57.0215]TAK/3	168
[+71.0371]-GIVGQSQQAYQEAFEISKK/3	169
SGPFGQIFRPE[+37.0316]NFILGQSGAGNNWAK/3	170
EDSMDMAMS[+283.045704]PLRPQNYLFGC[+57.0215]ELK/3	171
FLN[+0.984]GIYVSEK/2	172
T[-15.9949]QIFANTVDNAR/2	173
[+42.0106]-MVSSAK[+139.0729]DTVATQLSEAVDATR/3	174
IEVIEIM[+15.9949]SDRGS[+14.0157]GK/2	175
IFVGSIK[+98.0732]EDTEEHHLR/5	176
TKPYVQ[+14.0157]VDIGGGQTK/3	177
[+42.0106]-S[-15.9949]LSDYNIQK/2	178
VSFELFADKIPK/2	179
TITLKVEPSDTIENIKAK/3	180
VFQATVVAVGSGSK/2	181
[+42.0106]-KM[+15.9949]VINHLEKLFVTNDAATILR/3	182
EVDEAYM[+15.9949]NKVELGSRLEGLTDEINFLR/3	183
DSC[+57.0215]DELIPEYLNFIHGVVDSEDLPLNISR/3	184
[+42.0106]-M[+15.9949]GIQSEFFINTTRAGPGTLSVTIEGPSK/3	185
[+42.0106]-EAM[+15.9949]QSLNDR/2	186
[+42.0106]-AKM[+15.9949]LEENTNILKFGYQFTQQGPR/4	187
[+114.0429]-M[+15.9949]TVGC[+57.0215]VAGDEESYEVFKDLFDPIIEDR/3	188
[+42.0106]-APGT[+338.0849]VVAFVPVSGWNGDTMLEPSANM[+15.9949]PWFK/3	189
[+42.0106]-VSSA[+275.1005]KDTVATQLSEAVDATR/3	190
D[-30.0106]TGM[+15.9949]QLQGYR/2	191
LQLETEM[+15.9949]EALKEELLFMKK/3	192
VEM[+15.9949]TEFEDIKSGYR/3	193
AIET[-18.0106]LPLDAVIEAEHTLR/3	194
AYHEQLSVAEITNAS[+87.0507]FEPANQM[+15.9949]VK/3	195
EKLC[+57.0215]YIT[+42.0106]LDFEKEMATAASSSSLEK/3	196
[+758.3808]-VLASLNLPAAIEDVSGDTVPQSILTK/3	197
HQGVM[+15.9949]VGM[+15.9949]GQKDSYVGDQ[+0.984]AQSK/3	198
ELQSQISATS[+44.0085]VVLSM[+15.9949]DNSR/3	199
[+42.0106]-QLYEEEIPELQSQ[+14.9997]ILDTSVVLSM[+15.9949]DNSR/4	200
VMEVGSKIYVDDGLISLQVK/3	201
EVAAFAQFGSDLNAPTQQLLSR/3	202
[+42.0106]-EKLCYITLDFEQEM[+15.9949]ATAASSSSLEK/3	203
QEYDESGPC[+57.0215]IVHR/3	204
[+42.0106]-EGM[+15.9949]KFDQGYISPYFINTSK/3	205
[+42.0106]-GSRFHRIIPGFM[+15.9949]CQGGDFTR/3	206
[+134.048]-M[+15.9949]IGVTYGGDDIPLSPYR/2	207
HTSP[-30.0106]GILSMSNAGPNTNGSQFFIC[+57.0215]TAK/3	208
VETGILKPGM[+15.9949]VVTFAPVS[+27.9949]VTTEVK/3	209
HAVSEGTK[+27.9949]AITKYTSAK/3	210
[+41.0265]-NSDDITQEEYGEFYK/2	211
AAVPSIKFC[+57.0215]LDNGS[-15.9949]K/3	212
IVALGKGILAADESTGSIAK/3	213
M[+15.9949]EVTFYPGEETVRITQTAEGLDPENYLSIK/3	214
[+42.0106]-M[+15.9949]ENYNIALR/2	215
M[+15.9949]YDVLSTKPVLNKLTVYTTLIDVTK/3	216
TSEC[+57.0215]PIIR/2	217
EKLYYVTLD[+37.9469]FEQEM[+15.9949]ATAASSSSLEK/3	218
S[+27.9949]EAAVDTSSEITTK/2	219
TEM[+15.9949]ENQ[+0.984]FVLIK/2	220
IS[-2.0156]FELFADKVPK/2	221
LEGLNNE[+129.0426]INFLR/2	222
FVN[+0.984]VTEVVR/2	223
DLYTNTVLSGGTTM[+15.9949]YPGIADR/2	224
M[+15.9949]ENYPIPEPGPNEVLLR/2	225
SLEET[+13.0316]YLFSLPIK/2	226
[+42.0106]-MIRGAADGSR[+39.9949]FQVWDYEEGEVEALLDR/3	227
LGFTGLVQEISFGTTK/2	228
AGPDPGVSPAQVLLSEPEEAAALYR/3	229
[+42.0106]-M[+15.9949]VNPTMFFDIAVDGEPLGR/3	230
[+42.0106]-M[+15.9949]MFTLDC[+57.0215]THLVENGIIDAANFEQFLQER/3	231
[+42.0106]-DPSKIRWGNAGAEYIMESTGVFTTMEK/4	232
VEM[+15.9949]TEFEDIK/2	233
FGVEQYVDM[+15.9949]VFASFIR/2	234
ESC[+57.0215]DC[+287.0556]LQGFQLAHSLGGGTGSGMGTLLLSK/3	235
MITGTSQAGC[+287.0556]AVLIVAAGVGEFEAGISK/2	236
SGDAAIADM[+15.9949]V[+70.0055]PGKPMC[+57.0215]VESFSDYPPLGR/3	237
QDLPNTM[+15.9949]NAAEITDKLGLHSLR/3	238
VDEF[+12.9622]PLYGHMVSDEFEQLSSEALEAAR/3	239
[+127.099714]-LNLEVDPNIQAVR/2	240
NQAFIK[+111.041593]M[+15.9949]STEEAANTM[+15.9949]VNYYTSVTPVLR/3	241
[+14.0157]-VSELEAALQR/2	242
[+42.0106]-D[+55.9197]LLILLYETALLSSGFSLEDPQTHANR/4	243
[+42.0106]-MAIAT[+116.998]GGAVFAEEGLTLNLEDVQPHDLGK/3	244
LALDIQ[+0.984]IATYRK/2	245
ATD[-30.0106]TQLC[+57.0215]LESSPK/2	246
EGFVN[+14.9997]YTEQVVK/2	247
LLEDGEDFNLGEALDSSNSMQTIQK/3	248
VNDPIQIDLETGKITDFIK/3	249
LVITGNLITIFQERDPSK/3	250
VFVAGIKEDTEEHHLR/4	251
[+42.0106]-DM[+15.9949]SLLSLKADC[+57.0215]AVLIVAAGVGEFEAGISK/3	252
M[+15.9949]DNC[+57.0215]EELIPEYLNFIRGVVDSEDLPLNISR/3	253
M[+15.9949]NGDEYNVKTIDAQPGAFTC[+57.0215]YLDAGLAR/3	254
QHPWGIAEVENGEHC[+57.0215]DFTILR/2	255
[+42.0106]-YSNM[+15.9949]ISLEVDVDDC[+57.0215]QDVASEC[+57.0215]EVK/2	256
M[+15.9949]GGITAITFNQSLLSPLNLEVDPNIQAVR/2	257
GNLC[+57.0215]SFGC[+57.0215]PEYGQLGHNSDGK/3	258
ADHQPLTEVSYVNLPTIALC[+57.0215]NTDSPLR/3	259
M[+15.9949]WVDGTSGKLWHDDHEALKNIIPASTGAAK/2	260
VIISALSVDDPMFVM[+15.9949]GVNHEK/3	261
[+42.0106]-GSRGLSTGM[+15.9949]AGGLAGMGGIQNEK/3	262
LC[+57.0215]YITLDFEKEM[+15.9949]ATAASSSSLEK/3	263
[+42.0106]-VKVDEFPLYGHM[+15.9949]VSDEFEQLSSEALEAAR/4	264
[+56.0626]-NISNASC[+57.0215]TTNC[+57.0215]IAPLAK/2	265
[+42.0106]-YTLQME[+42.047]QLNGILLHLESELAQTR/3	266
VIISAPSADP[-27.9949]PMFTMGVNHEKYDNSLK/4	267
[+42.0106]-GSGPVYISGQHLVS[+60.0034]VEEDAESEDEEEEDVK/3	268
QAN[+0.984]LYISEGLHPR/2	269
APAALPALC[+57.0215]DLLASAADPQ[+14.0157]VR/2	270
T[+27.9949]IVAIENPADVSVISSR/2	271
TVFAEHISN[+0.984]EC[+57.0215]K/2	272
FESPSEDELT[+291.0954]PFDMSIQC[+57.0215]IQSVYISK/3	273
[+42.0106]-EGLQLPLLTPT[+541.2007]SQLLLESDAVEC[+57.0215]LNYQHYK/3	274
LGEIVTTIP[+29.0391]TTGFNVETVEYK/3	275
ASLEAAIADAEQRGELAIKDANS[-15.9949]K/3	276
[+44.017274]-RLLEDGEEFNLGDALDSSNSMQTIQK/3	277
AAAAAAAAA[+42.047]AGK/2	278
[+42.0106]-AEEGIAAGS[+45.029395]VMDVNTALQEVLK/3	279
GYGS[+60.0034]VHFETQEAAER/3	280
TVQSLEIDLDS[+27.9949]M[+15.9949]K/2	281
[+87.032]-ALTAVHDAILEDLVFPSEIVGK/2	282
[+42.0106]-EVEAC[+57.0215]YTLRT[+294.0951]EQLNRILLHLESELAQTR/4	283
[+42.0106]-QISEM[+15.9949]NGNISR[+54.113505]LQAEIEGLKGQR/3	284
[+42.0106]-LQSQ[+29.0153]IWDTSVVLSMDNSWSLDMDSIIAEVK/3	285
LVES[-15.9949]LC[+57.0215]AEHQINLIK/3	286
AIYN[+0.984]TPC[+57.0215]IQAESEK/2	287
TVPPAVPGITFLSGGQNEEEASINLNAINK/3	288
LLEDGKNFSLDDALDSSNSMQTIQK/3	289
SQVAPSLSALIGEAVGAR/2	290
FQYNSTHGKFHGTVK/2	291
MVGSYGPRPEEYEFLTPVEEAPK/3	292
[+42.0106]-M[+15.9949]EVTGDEYNVENIDGQPGAFTC[+57.0215]YLDAGLAR/3	293
YSINC[+57.0215]M[+15.9949]EDLIHEIYTVGK/2	294
[+42.0106]-M[+15.9949]ARSRTSSSPAISQALLELEMNSDLK/3	295
[+42.0106]-M[+15.9949]DELSEEDKLTVSR/2	296
MLQYVC[+57.0215]DNSPEVR/2	297
KAAAPTPEEEM[+15.9949]DEC[+57.0215]EQALAAEPK/3	298
[+42.0106]-M[+15.9949]YYRGAQAAIVVYDITNTDTFAR/2	299
[+42.0106]-M[+15.9949]SKTTLDKSLLDIISDPDAGTPEDK/2	300
[+42.0106]-M[+15.9949]VHPNVIC[+57.0215]DGC[+57.0215]NGPVVGTR/2	301
DDDITM[+15.9949]LVVDNGSGMC[+57.0215]K/2	302
M[+15.9949]KKLVPLLHTGDVIIDGGNSEYR/2	303
M[+15.9949]AEGQVLVLDGR/2	304
AC[+57.0215]AIGILM[+15.9949]KDLAGELALVDVMEDK/3	305
[+271.1487]-ANGETTTQGLDGLSER/2	306
[+45.9877]-IGVHHYSGNNIELGTAC[+57.0215]GK/2	307
MSVQPKDS[-20.0262]LGGFEITPPVVLR/3	308
[+42.0106]-EASEAY[+271.1487]LVGLFEDTNLC[+57.0215]AIHAK/3	309
VNN[+0.984]DENEHQLSLR/2	310
VTAE[-3.9949]EHPVLLTEAPLNPK/2	311
GNDGS[+1305.4164]NFGGGGSYNNFGNYNNQSSNFGPMK/3	312
[+42.0106]-VAVT[+609.2381]GDEYNVEGIDGQPGAFTC[+57.0215]YLDAGLAR/3	313
S[+494.1748]PSSKSVSTPSEAGSQDSGDGAVGSR/3	314
C[+57.0215]NEIINWLDKNQAAEKEEFEHQQK/4	315
[+42.0218]-SLDVDSLVIEHLQVNK/2	316
[+42.0106]-LEPHNPTNQLT[+447.1957]MDDDIAALVVDNGSGMC[+57.0215]K/3	317
[+362.1366]-MSPSSKSVSTPSEAGSQDSGDGAVGSR/3	318
[+12.0]-TDKPDMGEIASFDK/2	319
TAVVVGAI[+15.9949]TDDVR/2	320
[+27.9949]-YNEIINWLDKNQTAEKEEFEHQQK/3	321
[+104.041151]-LEAAYLDLQQILESEKDLEEAEEYKEAR/4	322
VVSSDFDSDTHSSIFN[+1024.3595]AGAGIALNNDFVK/3	323
IWHHTYNEVRVTAEE[-30.0106]HPVLLTEAPLNPK/3	324
[+42.0106]-AQVIILNHPGQIST[+1120.4282]GYAPVLDC[+57.0215]HTAHIAC[+57.0215]K/4	325
ALFQPSFLGM[+15.9949]KSC[+0]GIHETTFNSIMK/3	326
[+42.0106]-KDHEKAELAVHE[-3.9949]VYAVDVLVSSGEGK/4	327
RDNYVPKVS[+1095.3966]ALDQEIIEVDPDTK/3	328
AAIPGY[+132.0211]LTAEVLELAGNASK/3	329
SEPDDS[+60.0034]GPFSFDGLEIMGC[+57.0215]TGC[+57.0215]QIDWK/3	330
DLADELALVDVMEDKLK/2	331
LEQQVNVNQVFGQDEMIDVIGVTK/3	332
DLADELALVDVMEDK/2	333
AEGQVLVLDGR/2	334
IGIVDQSQQAYQEAFEISKK/2	335
GIVGQSQQAYQEAFEISK/2	336
MFDQSQIQEFK/2	337
LATQLTGPVMPIR/2	338
SDGIYLINLK/2	339
LLC[+57.0215]C[+57.0215]DILDVLDK/2	340
NMITETSQADC[+57.0215]AVLIVAAGVGEFEAGISK/3	341
M[+15.9949]EELPTIIADNAGYDSADLVAQLR/3	342
HTGPGILSMANAGSNINGSQFFIC[+57.0215]TAK/3	343
[+42.0106]-FISYVKNC[+57.0215]FQM[+15.9949]TDQEAIQDLWQWR/2	344
AVLVDLELGAM[+15.9949]DSVR/2	345
MGSRGLSTGM[+15.9949]AGGLAGMGGIQNEK/3	346
VPTANM[+15.9949]SVVDLTC[+57.0215]R/3	347
M[+15.9949]NVQGDYEPIDATGFININSLR/3	348
[+42.0106]-AEEGITAGGIM[+15.9949]EVNTALQEVLK/3	349
M[+15.9949]S[+126.1045]AQPTVSLGGFEITPPVVLR/2	350
EQGYDVT[+13.0316]AYLANIGQKEDFEEAR/3	351
ITGTS[+362.1366]QAGC[+57.0215]AVLIVAAGVGEFEAGISK/2	352
WPQQIE[+155.004099]ESTTVVTTQSAEVGAAETTLTELR/3	353
LLMMAGIN[+0.984]DC[+57.0215]YTSAR/2	354
[+452.2457]-SM[+15.9949]AAGMAGGLAGMGGIQNEKETMQSLNDR/3	355
[+59.036279]-FNTGNLC[+57.0215]MVTGGANLGR/2	356
TTGFGMIYN[+0.984]SLDYAK/2	357
AGAI[+14.0157]GPC[+57.0215]EVTVPAQNTGLGPEK/3	358
TQDP[-30.0106]AKTPNTPDILEIEFK/3	359
VAGQN[+0.984]GSVVQFK/2	360
KLDES[-15.9949]VAEAHLGK/2	361
[+14.0157]-VFVGGIKEDTEEHHLR/3	362
NVQGDYE[+306.0951]PIDATGFININSLR/2	363
[+14.0157]-KVFVGGIKEDTEEHHLR/3	364
MHTVC[+11.0701]LSKSGQVYSFGC[+57.0215]NDEGALGR/3	365
NYQFFNC[+11.0701]ENMNPDGMVALLDYR/3	366
AYEPQGGSGYDYSYAGGR/2	367
ELEEIVQPLISK/2	368
QEAIQDLWQWR/2	369
IINKPTAAAIAYGLDK/2	370
MATAASSSSLEK/2	371
VIISAPSADAPMFVMDVNHEKYDNSLK/3	372
KTSTTVAFTEVNSEDKGALAK/2	373
SVTKQGAELSNEER/2	374
DVIQHETIGK/2	375
IVSNASC[+57.0215]TTNC[+57.0215]LAPLAK/2	376
[+42.0106]-EPSHSQTNYLSMANAGPNTNGSQFFLC[+57.0215]TAK/3	377
[+42.0106]-M[+15.9949]ANAGPSTNGSQFFIC[+57.0215]TAK/2	378
[+42.0106]-M[+15.9949]LSIGGIIILKDTSEDIEELVEPVAAHGPK/3	379
IEGEIIVC[+57.0215]AAYAHELPK/3	380
[+42.0106]-M[+15.9949]QVVC[+57.0215]EATQC[+57.0215]PDTR/2	381
[+42.0106]-RPEDGSVVDYELIDQDAR/3	382
[+56.0626]-NEDLSQQAQLAAAEK/2	383
ADHQPLTESSYVNLPTIALC[+63.9619]NTDSPLR/3	384
GLN[+0.984]VDSLVIEHIQVNK/2	385
[+42.0106]-M[+15.9949]EASEAYLVGLFEDTNLC[+57.0215]AIHAK/3	386
[+43.0058]-HTGPEILSMANAGPNTNGSQFFIC[+57.0215]TAK/3	387
IVKPNDEKPDEF[+0.984]ESGISQALLELEMNSDLK/3	388
IFVG[-58.0055]DLSPDTPEEK/2	389
VPAAT[+159.9327]RAGAIGPC[+57.0215]EVTVPAQNTGLGPEK/4	390
[+42.0106]-GEVPC[+57.0215]TGTTASPLEE[-30.0106]ATLSELK/2	391
IENVLGLDQQFAGLDLAY[+361.146]SDNQSGGSTASK/3	392
[+71.0371]-TQFSC[+57.0215]TLGEKFEETTADGR/2	393
MHHEALSE[+516.1704]ALPGDNVGFNVK/3	394
YLMEQ[+0.984]DEDAYKK/2	395
[+42.0106]-MLILS[+75.9805]TIALC[+57.0215]NTDSPLR/2	396
DNYVPEISALDQEIIEVDPDTK/3	397
HTGPGILSM[+15.9949]ANAGPNTNDSQFFIC[+57.0215]TAK/3	398
MAC[+57.0215]AISILGK/2	399
KLVIIEGDM[+15.9949]GC[+57.0215]TEERAELAESR/3	400
EINIVM[+15.9949]TYIVELGVM[+15.9949]LAVDAVIAELKK/3	401
AFVAIGDYS[+27.9949]GHVGLGVK/3	402
EKLC[+57.0215]YVALEFEQEMAS[+59.0194]AASSSSLEK/4	403
KHLEINPN[+0.984]HPIVETLR/2	404
VGDKVLLPQ[+0.984]YGGTK/2	405
VPTANVSVVDLTYHLE[+15.9949]KPAKYDDIK/5	406
TFITSDSLTGIPAT[+136.0017]PGNEIPVEVVLK/3	407
VGL[+14.0157]SNYAAAYC[+57.0215]TGLLLAR/3	408
SVEMHHEALSE[+234.074]TLSGDNVGFNVK/4	409
EKAPSIIFT[+13.0316]DELDAIGTK/3	410
SPAGLQVLNN[+0.984]YLADK/2	411
APP[+28.0313]AINQFTQALDR/3	412
LLC[+57.0215]C[+57.0215]DILD[+23.9581]VLDKNLIPAANTGESK/4	413
LLLEVQ[+0.984]HASK/2	414
VPSLVGSFLR/2	415
ATAASSSSLEK/2	416
KADIDITK/2	417
TLSNYNIQKESTLHLVLR/3	418
TITLEVETSDTIENVK/3	419
SGLTVEVDAPK/2	420
LVQDVANNTNEETGDGPTTATVLAR/3	421
GVAMNLVEHPFGGGNHQHIGKPSTIR/5	422
TSPFGGASHAK/2	423
TEFPSFMNKELAAFTK/2	424
GFAFVTFDDHDSVDKLVIQK/3	425
QLLVGVNK/2	426
GLAGGM[+15.9949]ARGLAGMGGIQNEK/3	427
SVM[+15.9949]LAVDAVIAELKK/3	428
[+42.0106]-SLQNIIPASTGAAK/2	429
LTGMAFRVPTANM[+15.9949]SVVDLTC[+57.0215]R/3	430
HTGPGILSIANARPNSNGSQFFIC[+57.0215]TAK/3	431
EC[+57.0215]LPLIIFIR/2	432
LREC[+57.0215]LPLIIFIR/3	433
TYC[+57.0215]AEIAHNVSSK/2	434
TFNQVEVKPEM[+15.9949]IGHYLGEFSITYKPVK/4	435
[+42.0106]-SEAESMYQIKYEELQM[+15.9949]LAGK/3	436
[+42.0106]-M[+15.9949]DPSSGQLVSGGVAEEAK/2	437
LTGM[+15.9949]AFC[+57.0215]VPTAVSVVDLTC[+57.0215]R/3	438
ALSPGEEGFGYKGSC[+57.0215]FHR/3	439
TGFGM[+15.9949]MYDSLDYAK/2	440
HTGPGILSM[+15.9949]ANVGLNTNSSQFFIC[+57.0215]TAK/3	441
QQSHFAM[+15.9949]M[+15.9949]HGGTGFTRIDSSSPEVK/3	442
QLEDGC[+57.0215]TLSDYSIQKESTLHLVLR/4	443
TDAAVSFTKD[-30.0106]FLAGGVAAAISK/3	444
THINIVVIGHVN[+0.984]SGK/2	445
[+114.0429]-PAPSTAAAPAEEK/2	446
HLEINPN[+0.984]HPIVETLR/3	447
TMLED[+37.0316]LGMNDEGDHDPVPLPNVNAAILK/3	448
[+57.0215]-VLAATVVAVGSGSK/2	449
AVDEAAN[+0.984]ALLK/2	450
[+42.0106]-LS[+761.259]FLGGIGEAVSSAVVGEPGITVTHLAVNR/4	451
VIAINVDDPDAANC[+60.0122]NDINDVK/2	452
ENPSEEAQNS[+27.0473]VEFTDEEGYGR/2	453
[+42.0106]-C[+15.9949]PEALFQPSFLGM[+15.9949]ESC[+57.0215]GIHDTTFNSIMK/3	454
EK[+243.0855]DETVSDC[+57.0215]SPHIANIGR/3	455
NLKASLQ[+0.984]NSLR/2	456
VLLPQ[+0.984]YGGTK/2	457
LC[+57.0215]YVALE[+23.9581]FEQEMASAASSSSLEK/4	458
EVAGHTDQ[+15.9949]LQMSR/2	459
HTGPGILSM[+15.9949]ANAGPGTNVSQFFIC[+58.0055]TAK/3	460
MAVTFIGNSS[+14.0157]AIQELFKR/3	461
SELS[+14.0157]ERLR/2	462
SFPKDDPS[-15.9949]KLVHLTAFLGYK/4	463
[+42.0106]-SVKRH[-10.032]HEDLSEALPGDNVGFNVK/3	464
RYADLTEDQLPSC[+57.0215]N[+14.9997]SLKDTLAR/3	465
AALE[+43.9898]ATLAETEAR/2	466
[+12.0]-C[+57.0215]SSIAAAIAAVNALHGR/3	467
GGSIPT[+27.0473]VEAK/2	468
LFEISN[+0.984]IVIK/2	469
ASC[+57.0215]TTNF[+12.9622]LAPLAK/2	470
SIDLKN[+0.984]KYK/2	471
VIHDNFVVMGR[+324.0359]LMTIVHAITATQK/3	472
NQVAMNPTNM[+15.9949]VFDAKR/2	473
VLTVINQTQKENIR/2	474
NLEALALDLMETEQAVDLTLPK/3	475
ALQNIIPASTGAAK/2	476
IINKPTAAAIAYGLDKR/3	477
TILSNQTVNIPENVDITLK/2	478
GIPAPAVVKK/2	479
KADIDITKR/2	480
VIHDNFGIVEGLMTIVHAITATQK/3	481
GFEITPPVVLR/2	482
KGVLTVKDGK/2	483
VKLLLEVQHASK/2	484
RVIISAPSADAPMFVMDVNHEKYDNSLK/4	485
GFGFVTYDTVGEMDAAMNARPHK/4	486
GIPAPAVVK/2	487
LISISGKR/2	488
WSLLQEQK/2	489
KPGGFDLSLFYR/3	490
LLTEAPLNPK/2	491
NISFSLWDVGGQDK/2	492
KIELSSGK/2	493
NIILEEGKEILVGDVGQTVNNLYATFVK/3	494
GVLTVKDGK/2	495
KSDGIYLINLK/2	496
TIAGLNVLR/2	497
NLSLVVHGPGDLR/2	498
RLDLAGR/2	499
RIQIFPR/2	500
MREIVHIQAGQRGNQIGAK/4	501
ADIDITKR/2	502
KSNGIYIINLKR/2	503
EIVHIQAGQRGNQIGAK/3	504
LVIEDKNKYNTPK/3	505
HTGPGILSM[+15.9949]TNAGPNTNDSQFFIC[+57.0215]TAK/3	506
[+42.0106]-M[+15.9949]STKIGGIGTVPVGR/2	507
IYFLQC[+57.0215]ETC[+57.0215]HSR/2	508
GC[+57.0215]ITIIGGGNTATC[+57.0215]C[+57.0215]AK/2	509
VIVM[+15.9949]GNPANINC[+57.0215]LTASK/2	510
QGQETAVAPSLVAPALNT[+27.0473]PK/3	511
QDLP[-30.0106]NTMNAAEITDK/2	512
KVFID[+14.0157]DVSR/2	513
LALDIQ[+0.984]IATYR/2	514
GLGST[-15.9949]THPTAAVK/3	515
NIIPASTGAAK/2	516
AGIALNDHFVK/2	517
EEIVAEQAIK/2	518
TITLEVKPSDTIENVK/2	519
NQLTSNPKNTVFDAK/2	520
AQIEVVPSASALIIK/2	521
LNEEASEEILKVEQK/3	522
NALTDNALIAR/2	523
WSILQQQK/2	524
GIHETTFNSIMK/2	525
LSYDTASNK/2	526
TITLEAEPLDTIENVK/2	527
