name,mass,aa
14.0157,14.0157,N-term
28.0313,28.0313,D
156.115,156.115,A
57.0215,57.0215,C
90.084148,90.084148,Y
42.0106,42.0106,N-term
15.9949,15.9949,M
87.0507,87.0507,S
0.984,0.984,N
196.1212,196.1212,K
-15.9949,-15.9949,T
15.0109,15.0109,Y
42.047,42.047,A
13.0316,13.0316,T
43.9898,43.9898,K
-18.0106,-18.0106,Y
86.0004,86.0004,S
59.036279,59.036279,N-term
14.0157,14.0157,S
127.0633,127.0633,N-term
0.984,0.984,Q
-17.0265,-17.0265,S
217.1688,217.1688,N-term
307.0903,307.0903,S
-21.9877,-21.9877,M
27.0473,27.0473,T
42.047,42.047,D
131.0946,131.0946,C
232.0644,232.0644,C
-17.0265,-17.0265,Q
15.0109,15.0109,E
23.9581,23.9581,D
79.9663,79.9663,C
964.3383,964.3383,T
43.0422,43.0422,D
-3.9949,-3.9949,E
14.9997,14.9997,N
-17.0265,-17.0265,T
45.029395,45.029395,S
-15.0109,-15.0109,S
192.0634,192.0634,T
234.074,234.074,C-term
14.9633,14.9633,K
104.0712,104.0712,N
41.0265,41.0265,K
206.1671,206.1671,G
27.9949,27.9949,S
40.0313,40.0313,N-term
263.131,263.131,C
79.9663,79.9663,D
57.0215,57.0215,S
794.2692,794.2692,S
71.0371,71.0371,N-term
41.0265,41.0265,N-term
-33.0037,-33.0037,C
343.0318,343.0318,S
15.9949,15.9949,I
106.0419,106.0419,K
86.0004,86.0004,K
14.0157,14.0157,D
33.961,33.961,Y
44.0085,44.0085,S
-29.9928,-29.9928,M
12.0,12.0,N-term
308.1107,308.1107,T
-15.9949,-15.9949,S
162.0793,162.0793,N-term
26.0157,26.0157,H
17.9906,17.9906,A
28.0313,28.0313,N-term
-0.979,-0.979,E
28.0313,28.0313,P
26.0157,26.0157,N-term
170.0133,170.0133,S
42.047,42.047,E
12.0,12.0,H
75.9805,75.9805,S
27.9949,27.9949,T
60.0034,60.0034,T
527.185,527.185,S
37.0316,37.0316,E
283.045704,283.045704,S
139.0729,139.0729,K
98.0732,98.0732,K
14.0157,14.0157,Q
114.0429,114.0429,N-term
338.0849,338.0849,T
275.1005,275.1005,A
-30.0106,-30.0106,D
-18.0106,-18.0106,T
42.0106,42.0106,T
758.3808,758.3808,N-term
14.9997,14.9997,Q
134.048,134.048,N-term
-30.0106,-30.0106,P
27.9949,27.9949,K
37.9469,37.9469,D
-2.0156,-2.0156,S
129.0426,129.0426,E
39.9949,39.9949,R
287.0556,287.0556,C
70.0055,70.0055,V
12.9622,12.9622,F
127.099714,127.099714,N-term
111.041593,111.041593,K
55.9197,55.9197,D
116.998,116.998,T
56.0626,56.0626,N-term
-27.9949,-27.9949,P
60.0034,60.0034,S
291.0954,291.0954,T
541.2007,541.2007,T
29.0391,29.0391,P
44.017274,44.017274,N-term
87.032,87.032,N-term
294.0951,294.0951,T
54.113505,54.113505,R
29.0153,29.0153,Q
271.1487,271.1487,N-term
45.9877,45.9877,N-term
-20.0262,-20.0262,S
271.1487,271.1487,Y
1305.4164,1305.4164,S
609.2381,609.2381,T
494.1748,494.1748,S
42.0218,42.0218,N-term
447.1957,447.1957,T
362.1366,362.1366,N-term
27.9949,27.9949,N-term
104.041151,104.041151,N-term
1024.3595,1024.3595,N
-30.0106,-30.0106,E
1120.4282,1120.4282,T
0,0.0,C
1095.3966,1095.3966,S
132.0211,132.0211,Y
126.1045,126.1045,S
362.1366,362.1366,S
155.004099,155.004099,E
452.2457,452.2457,N-term
14.0157,14.0157,I
306.0951,306.0951,E
11.0701,11.0701,C
63.9619,63.9619,C
43.0058,43.0058,N-term
0.984,0.984,F
-58.0055,-58.0055,G
159.9327,159.9327,T
361.146,361.146,Y
516.1704,516.1704,E
59.0194,59.0194,S
15.9949,15.9949,E
136.0017,136.0017,T
234.074,234.074,E
37.0316,37.0316,D
57.0215,57.0215,N-term
761.259,761.259,S
60.0122,60.0122,C
27.0473,27.0473,S
15.9949,15.9949,C
243.0855,243.0855,K
23.9581,23.9581,E
15.9949,15.9949,Q
58.0055,58.0055,C
-10.032,-10.032,H
43.9898,43.9898,E
324.0359,324.0359,R
